tool,nthreads,size,repetitions,usec
Pthreads,1,1000000,2000,6584183
Pthreads,2,500000,2000,3495807
OpenMP,1,1000000,2000,23.89170
OpenMP,2,500000,2000,7.817410


